Gene,Polymorphism,Q-statistic (P-value),I2
ACE,rs1799752 (ACE [ins/del]),3.7 (0.44),0
AKT1,rs1130214 (SNP2),0.8 (0.85),0
AKT1,rs2494732 (SNP5),4.9 (0.17),40
AKT1,rs2498799 (SNP4),2.8 (0.42),0
AKT1,rs3730358 (SNP3),3.5 (0.32),14
AKT1,rs3803300 (SNP1),2.6 (0.45),0
APOE,APOE ε2/3/4,44.1 (0.005),82
BDNF,270C/T,11.8 (0.10),34
BDNF,rs6265 (Val66Met),24.5 (0.22),19
CCKAR,CCKAR_779T/C,0.64 (0.89),0
CNTF,rs1800169,5.0 (0.83),0
COMT,rs165599,6.7 (0.24),25
COMT,rs4680 (Val108/158Met),54.8 (0.06),27
COMT,rs737865,5.4 (0.24),27
CYP2D6,CYP2D6*3 (A),2.1 (0.55),0
CYP2D6,CYP2D6*4 (B),3.3 (0.78),0
DAO,rs2111902 (MDAAO-4),17.3 (0.004),71
DAO,rs3741775 (MDAAO-6),29.4 (0.00002),83
DAO,rs3825251,4.5 (0.20),34
DAO,rs3918346 (MDAAO-5),21.9 (0.0005),77
DAO,rs4623951,0.78 (0.85),0
DAOA,rs1421292 (M24),13.4 (0.02),63
DAOA,rs2391191 (M15),24.2 (0.007),59
DAOA,rs3916965 (M12),19.4 (0.007),64
DAOA,rs3916967 (M14),10.08 (0.18),31
DAOA,rs3918342 (M23),45.9 (0.00),80
DAOA,rs778293 (M22),28.3 (0.0001),75
DAOA,rs778294 (M19),8.1 (0.20),29
DAOA,rs947267 (M18),10.40 (0.06),52
DISC1,rs2492367 (C1460T),3.4 (0.33),11
DISC1,rs3738401 (hCV25641899; A844G),17.3 (0.002),77
DISC1,rs821616 (hCV1433135; T2163A),14.7 (0.02),59
DISC1,rs999710 (hCV9628231),6.1 (0.11),51
DPYSL2,rs17666 (2236T/C),12.9 (0.005),77
DRD1,rs4532 (48A/G),3.0 (0.56),0
DRD2,rs1799732 (141Cins/del),52.1 (0.00),77
DRD2,rs1800497 (TaqI-A),31.6 (0.0001),75
DRD2,rs1801028 (Ser311Cys),26.8 (0.47),0
DRD2,rs6277 (Pro319Pro),3.3 (0.35),8
DRD3,rs1800828 (DRD3_712G/C),3.3 (0.35),9
DRD3,rs324026 (DRD3_205A/G),1.5 (0.82),0
DRD3,rs4646996 (Msp I),1.8 (0.78),0
DRD3,rs6280 (Ser9Gly),79.5 (0.01),32
DRD4,120-bp TR,3.2 (0.36),7
DRD4,rs1800955 (521T/C),2.6 (0.77),0
DRD4,rs4646983 (12-bp repeat),2.4 (0.93),0
DTNBP1,rs1011313 (P1325),15.2 (0.17),28
DTNBP1,rs1018381 (P1578),12.0 (0.21),25
DTNBP1,rs2005976 (P1757),9.7 (0.14),38
DTNBP1,rs2619522 (P1763),15.9 (0.04),50
DTNBP1,rs2619528 (P1765),18.1 (0.01),61
DTNBP1,rs2619538 (SNPA),10.7 (0.09),44
DTNBP1,rs2619539 (P1655),5.3 (0.87),0
DTNBP1,rs3213207 (P1635),12.1 (0.43),1
DTNBP1,rs760666 (P1287),3.8 (0.43),0
DTNBP1,rs760761 (P1320),19.5 (0.08),38
DTNBP1,rs909706 (P1583),2.8 (0.90),0
EGF,rs4444903,2.1 (0.71),0
FEZ1,rs559668,1.4 (0.71),0
FEZ1,rs597570,1.7 (0.64),0
FZD3,rs2241802,4.2 (0.38),5
FZD3,rs960914,6.8 (0.03),69
GABRB2,rs1816071,24.8 (0.0008),72
GABRB2,rs1816072,27.9 (0.0002),75
GABRB2,rs187269,28.7 (0.00007),79
GABRB2,rs194072,27.5 (0.00027),75
GABRB2,rs252944,19.2 (0.007),64
GABRB2,rs6556547,8.2 (0.22),27
GRIN2B,rs1019385 (200T/G),5.3 (0.15),44
GRIN2B,rs1806201 (2664T/C),4.2 (0.38),5
GRIN2B,rs7301328 (366G/C),2.7 (0.43),0
GRM3,rs1468412,8.6 (0.04),65
HP,Hp 1/2,3.2 (0.67),0
HTR1B,rs6296 (G861C),4.9 (0.17),40
HTR2A,rs6311 (A1438G),7.5 (0.11),46
HTR2A,rs6313 (T102C),124.0 (0.00),68
HTR2A,rs6314 (His452Tyr),2.6 (0.45),0
HTR6,rs1805054 (C267T),6.7 (0.08),55
IL10,rs3024491 (G1082A),4.8 (0.19),37
IL1A,rs1800587 (889C/T),13.2 (0.004),77
IL1B,rs16944 (C511T),8.9 (0.26),21
IL1RN,rs1794068 (IL1RN_86 bp),19.8 (0.006),65
MTHFR,rs1801131 (A1298C),8.7 (0.19),31
MTHFR,rs1801133 (C677T),29.2 (0.006),56
NOTCH4,rs367398 (SNP2),5.7 (0.84),0
NOTCH4,rs387071 (SNP1),10.6 (0.10),44
NR4A2,NR4A2_IVS6+17+18insG,2.5 (0.47),0
NRG1,SNP8NRG221533,37.9 (0.0009),61
NRG1,SNP8NRG241930,17.1 (0.04),48
NRG1,SNP8NRG243177,19.3 (0.01),59
NRG1,SNP8NRG433E1006,8.4 (0.04),64
OPRS1,rs1799729 (GC-241-240-TT),2.6 (0.47),0
OPRS1,rs1800866,2.7 (0.44),0
PLA2G4A,rs10798059 (BanI-SNP),12.5 (0.09),44
PLXNA2,rs1327175,10.6 (0.06),53
PLXNA2,rs2498028,10.7 (0.06),53
PLXNA2,rs752016,7.4 (0.19),33
PLXNA2,rs841865,6.9 (0.23),27
PRODH,rs372055 (PRODH*1945),3.0 (0.39),0
PRODH,rs383964 (PRODH*2026),2.9 (0.39),0
RGS4,rs10917670 (SNP1),13.9 (0.08),43
RGS4,rs2661319 (SNP18),10.3 (0.32),13
RGS4,rs951436 (SNP4),20.7 (0.02),52
RGS4,rs951439 (SNP7),17.5 (0.02),54
RTN4,RTN4_ins_CAA,13.1 (0.04),54
SLC6A4,5-HTTLPR,20.1 (0.48),0
SLC6A4,5-HTTVNTR,20.2 (0.03),50
SOD2,rs4880 (SOD2_Ala9Val),0.89 (0.92),0
SRR,rs408067,16.5 (0.002),76
SYN3,rs133945 (SYN3_196G/A),2.3 (0.67),0
TH,rs6356 (Val81Met),2.7 (0.44),0
TNF,rs1800629 (308A/G),40.8 (0.0001),68
TP53,rs1042522,3.8 (0.49),0
TPH1,rs1800532 (218A/C),4.6 (0.33),13
XBP1,rs2269577 (116C/G),11.2 (0.05),55
ZDHHC8,rs175174,15.7 (0.02),62